owner_id,owner_name,email,phone_number,avg_rating,num_ratings,description,postal_code,register_time
0,Pet Match Official,admin@gmail.com,778-636-9124,5.00,1,Make fur-ever friends!,V6Y0A7,2023-12-31 00:00
1,Olivia Adams,olivia@gmail.com,345-678-9012,1.12,2,Whimsical artist with paint-splattered jeans.,V5L4S1,2024-04-02 19:13
2,Liam Allen,liam@outlook.com,678-901-2345,3.47,7,Bookish librarian who whispers to her pet.,V5M1Y4,2024-02-18 20:56
3,Emma Anderson,emma@gmail.com,901-234-5678,2.98,50,Energetic jogger with a leash in hand.,V5M1Z1,2024-03-13 13:23
4,Noah Bailey,noah@gmail.com,456-789-0123,4.23,30,Bearded hipster sipping chai latte.,V5M1Z7,2024-05-18 21:12
5,Ava Baker,ava@outlook.com,789-012-3456,2.01,28,"Retired sailor, weathered and wise.",V5M2A1,2024-02-02 10:10
6,Ethan Bennett,ethan@outlook.com,234-567-8901,1.89,4,"Tech-savvy programmer, keyboard cat on lap.",V5M2B2,2024-04-25 12:51
7,Isabella Brooks,isabella@gmail.com,567-890-1234,4.56,4,"Gentle gardener, dirt under fingernails.",V5M3T4,2024-01-23 08:47
8,Oliver Brown,oliver@gmail.com,890-123-4567,1.34,37,"Fashion-forward influencer, matching outfits.",V5N1C1,2024-04-22 05:39
9,Sophia Butler,sophia@gmail.com,345-678-9012,2.78,17,"Busy parent, juggling snacks and leashes.",V5N1L7,2024-05-25 19:28
10,William Campbell,william@gmail.com,678-901-2345,3.65,37,"Mysterious recluse, surrounded by pets.",V5N1W6,2024-02-03 22:58
11,Mia Carter,mia@gmail.com,901-234-5678,4.02,9,"Cheerful baker, flour-dusted apron.",V5N1Z9,2024-04-20 15:17
12,James Clark,james@gmail.com,456-789-0123,1.59,2,"Wise old sage, sharing stories with pets.",V5N2G2,2024-05-03 05:29
13,Charlotte Collins,charlotte@gmail.com,789-012-3456,2.37,1,"Free-spirited hippie, barefoot and carefree.",V5N2R8,2024-02-04 17:55
14,Benjamin Cook,benjamin@gmail.com,234-567-8901,4.84,43,Dapper gentleman,V5N2T7,2024-01-10 07:11
15,Amelia Cooper,amelia@gmail.com,567-890-1234,3.13,6,"Curious scientist, observing pet behavior.",V5N2Z9,2024-05-20 15:37
16,Lucas Cox,lucas@gmail.com,890-123-4567,1.9,27,"Night owl, strolling with a nocturnal pet.",V5N3E8,2024-02-07 21:19
17,Harper Davis,harper@gmail.com,345-678-9012,2.68,12,"Nurturing teacher, grading papers at home.",V5N3X5,2024-01-09 22:07
18,Alexander Diaz,alexander@gmail.com,678-901-2345,4.15,46,"Adventurous hiker, backpack and dog boots.",V5N5A5,2024-02-15 17:49
19,Evelyn Edwards,evelyn@gmail.com,901-234-5678,3.42,10,"Romantic poet, penning odes to pets.",V5P2R8,2024-03-27 21:06
20,Michael Evans,michael@gmail.com,456-789-0123,2.21,43,"Busy entrepreneur, multitasking with furballs.",V5P2V9,2024-04-11 21:56
21,Abigail Fisher,abigail@gmail.com,789-012-3456,1.78,25,"Zen yogi, meditating alongside a pet.",V5R2A5,2024-03-08 21:44
22,Daniel Flores,daniel@gmail.com,234-567-8901,4.57,13,"Chatty neighbor, gossiping with parakeets.",V5R2J2,2024-04-30 02:07
23,Emily Foster,emily@gmail.com,567-890-1234,3.04,21,"Vintage collector, antique dog figurines.",V5R2J8,2024-04-09 23:51
24,Matthew Garcia,matthew@gmail.com,890-123-4567,2.87,40,"Fitness fanatic, tracking steps with a pet.",V5R2K4,2024-03-09 14:38
25,Elizabeth Gray,elizabeth@gmail.com,345-678-9012,1.35,22,"Starstruck actor, posing for selfies with pets.",V5R2S3,2024-01-19 19:52
26,Joseph Green,joseph@gmail.com,678-901-2345,4.92,31,"Dreamy stargazer, naming constellations for hamsters.",V5R2S6,2024-04-16 04:57
27,Sofia Griffin,sofia@gmail.com,901-234-5678,2.19,21,"Sassy hairstylist, matching hairdos with poodles.",V5R3N8,2024-04-16 04:53
28,David Hall,david@gmail.com,456-789-0123,3.66,35,"Nostalgic grandparent, reminiscing about childhood pets.",V5R3W4,2024-03-19 03:13
29,Avery Harris,avery@gmail.com,789-012-3456,4.03,26,"Organized planner, color-coded pet schedules.",V5R4J5,2024-04-06 10:55
30,Logan Hernandez,logan@gmail.com,234-567-8901,1.5,30,"Artistic sculptor, creating pet statues.",V5R4J6,2024-05-01 19:40
31,Grace Hill,grace@gmail.com,567-890-1234,2.38,18,"Fearless firefighter, rescuing cats from trees.",V5R4J8,2024-02-04 06:25
32,Samuel Hughes,samuel@gmail.com,890-123-4567,4.85,3,"Curious journalist, investigating pet mysteries.",V5R4S8,2024-01-24 00:54
33,Victoria Jackson,victoria@gmail.com,345-678-9012,3.14,30,"Sentimental poet, writing haikus for goldfish.",V5R5G8,2024-05-11 01:54
34,Josephine James,josephine@gmail.com,678-901-2345,1.91,14,"Eco-conscious vegan, feeding organic kibble.",V5R6H8,2024-02-27 21:25
35,Daniel Jenkins,daniel@gmail.com,901-234-5678,2.69,7,"Tech-loving gamer, bonding with virtual pets.",V5S0H2,2024-01-15 15:11
36,Madison Johnson,madison@gmail.com,456-789-0123,1.13,40,Whimsical artist with paint-splattered jeans.,V5R3W4,2024-04-15 15:50
37,Henry Jones,henry@gmail.com,789-012-3456,3.48,29,Bookish librarian who whispers to her pet.,V6A0E3,2024-05-07 00:51
38,Scarlett Kelly,scarlett@gmail.com,234-567-8901,2.99,47,Energetic jogger with a leash in hand.,V5V4P4,2024-04-04 14:35
39,Sebastian King,sebastian@gmail.com,567-890-1234,4.24,43,Bearded hipster sipping chai latte.,V5X2T9,2024-02-13 05:00
40,Lily Lee,lily@gmail.com,890-123-4567,2.02,7,"Retired sailor, weathered and wise.",V5R4J5,2024-05-24 02:16
41,Jack Lewis,jack@gmail.com,345-678-9012,1.9,33,"Tech-savvy programmer, keyboard cat on lap.",V5R4J6,2024-01-15 22:36
42,Chloe Long,chloe@gmail.com,678-901-2345,4.58,49,"Gentle gardener, dirt under fingernails.",V5R4J8,2024-04-06 22:40
43,Owen Martin,owen@gmail.com,901-234-5678,1.36,11,"Fashion-forward influencer, matching outfits.",V5X0J5,2024-03-26 03:34
44,Ella Martinez,ella@gmail.com,456-789-0123,2.79,26,"Busy parent, juggling snacks and leashes.",V5Y0B7,2024-05-13 12:54
45,Caleb Miller,caleb@gmail.com,789-012-3456,3.67,36,"Mysterious recluse, surrounded by pets.",V5X2J4,2024-02-17 06:15
46,Aria Mitchell,aria@gmail.com,234-567-8901,4.04,49,"Cheerful baker, flour-dusted apron.",V5Y0B7,2024-02-10 13:38
47,Wyatt Moore,wyatt@gmail.com,567-890-1234,3.31,8,"Wise old sage, sharing stories with pets.",V5Z2C3,2024-04-22 10:44
48,Grace Morgan,grace@gmail.com,890-123-4567,1.8,46,"Free-spirited hippie, barefoot and carefree.",V6A4E1,2024-02-10 18:41
49,Luke Morris,luke@gmail.com,345-678-9012,4.68,48,Dapper gentleman,V6B0P4,2024-03-16 12:47
50,Zoey Murphy,zoey@gmail.com,678-901-2345,2.5,15,"Curious scientist, observing pet behavior.",V5N1Z9,2024-02-03 17:06
51,Gabriel Nelson,gabriel@gmail.com,901-234-5678,3.87,7,"Night owl, strolling with a nocturnal pet.",V5S2G2,2024-03-29 11:56
52,Hannah Parker,hannah@gmail.com,456-789-0123,1.2,44,"Nurturing teacher, grading papers at home.",V5T2R8,2024-02-12 12:00
53,Matthew Perez,matthew@gmail.com,789-012-3456,4.05,6,"Adventurous hiker, backpack and dog boots.",V5N2T7,2024-04-23 18:03
54,Audrey Perry,audrey@gmail.com,234-567-8901,2.41,6,"Romantic poet, penning odes to pets.",V5N2Z9,2024-03-07 14:35
55,Ryan Phillips,ryan@gmail.com,567-890-1234,3.78,38,"Busy entrepreneur, multitasking with furballs.",V5S3E8,2024-02-11 18:31
56,Aubrey Powell,aubrey@gmail.com,890-123-4567,1.14,47,"Zen yogi, meditating alongside a pet.",V5T1Z9,2024-05-22 01:15
57,Nathan Price,nathan@gmail.com,345-678-9012,3.49,22,"Chatty neighbor, gossiping with parakeets.",V5N2G2,2024-02-17 17:05
58,Addison Ramirez,addison@gmail.com,678-901-2345,3,3,"Vintage collector, antique dog figurines.",V5S2R8,2024-03-21 06:20
59,Leo Reed,leo@gmail.com,901-234-5678,4.25,45,"Fitness fanatic, tracking steps with a pet.",V5T2T7,2024-02-01 00:13
60,Brooklyn Richardson,brooklyn@gmail.com,456-789-0123,2.03,46,"Starstruck actor, posing for selfies with pets.",V5N2Z9,2024-05-16 00:54
61,Isaac Rivera,isaac@gmail.com,789-012-3456,1.92,34,"Dreamy stargazer, naming constellations for hamsters.",V5S3E8,2024-01-18 00:31
62,Eleanor Roberts,eleanor@gmail.com,234-567-8901,4.59,37,"Sassy hairstylist, matching hairdos with poodles.",V5T1Z9,2024-01-28 22:00
63,Julian Robinson,julian@gmail.com,567-890-1234,2.2,22,"Nostalgic grandparent, reminiscing about childhood pets.",V5N2G2,2024-02-19 22:23
64,Leah Rodriguez,leah@gmail.com,890-123-4567,3.68,29,"Organized planner, color-coded pet schedules.",V5S2R8,2024-03-25 21:19
65,Samuel Rogers,samuel@gmail.com,345-678-9012,1.47,14,"Artistic sculptor, creating pet statues.",V5T2T7,2024-04-22 06:50
66,Stella Ross,stella@gmail.com,678-901-2345,4.34,49,"Fearless firefighter, rescuing cats from trees.",V5N2Z9,2024-04-13 05:51
67,David Russell,david@gmail.com,901-234-5678,2.8,28,"Curious journalist, investigating pet mysteries.",V5S3E8,2024-03-22 01:56
68,Violet Sanchez,violet@gmail.com,456-789-0123,3.97,45,"Sentimental poet, writing haikus for goldfish.",V5T1Z9,2024-04-19 12:45
69,Joseph Scott,joseph@gmail.com,789-012-3456,1.21,36,"Eco-conscious vegan, feeding organic kibble.",V5N2G2,2024-03-22 01:40
70,Hazel Simmons,hazel@gmail.com,234-567-8901,4.06,30,"Tech-loving gamer, bonding with virtual pets.",V5S2R8,2024-01-03 21:43
71,Christopher Smith,christopher@gmail.com,567-890-1234,2.42,27,Whimsical artist with paint-splattered jeans.,V5T2T7,2024-03-22 05:36
72,Paisley Stewart,paisley@gmail.com,890-123-4567,1.79,5,Bookish librarian who whispers to her pet.,V5N2Z9,2024-02-18 04:56
73,Andrew Taylor,andrew@gmail.com,345-678-9012,4.69,43,Energetic jogger with a leash in hand.,V5S3E8,2024-02-28 00:30
74,Nora Thomas,nora@gmail.com,678-901-2345,2.51,14,Bearded hipster sipping chai latte.,V5T1Z9,2024-03-18 06:48
75,William Thompson,william@gmail.com,901-234-5678,3.88,40,"Retired sailor, weathered and wise.",V5N2G2,2024-04-13 20:40
76,Alyssa Torres,alyssa@gmail.com,901-234-5678,1.15,14,"Tech-savvy programmer, keyboard cat on lap.",V5S2R8,2024-01-10 02:57
77,Elijah Turner,elijah@gmail.com,902-345-6789,3.5,10,"Gentle gardener, dirt under fingernails.",V5T2T7,2024-03-12 03:00
78,Lillian Walker,lillian@gmail.com,903-456-7890,4.07,42,"Fashion-forward influencer, matching outfits.",V5N2Z9,2024-01-25 12:49
79,Grayson Ward,grayson@gmail.com,904-567-8901,2.43,24,"Busy parent, juggling snacks and leashes.",V5S3E8,2024-05-09 19:19
80,Scarlett Watson,scarlett@gmail.com,905-678-9012,3.79,14,"Mysterious recluse, surrounded by pets.",V5T1Z9,2024-04-21 14:01
81,Jackson White,jackson@gmail.com,906-789-0123,1.16,38,"Cheerful baker, flour-dusted apron.",V5N2G2,2024-01-29 07:00
82,Luna Williams,luna@gmail.com,907-890-1234,3.51,27,"Wise old sage, sharing stories with pets.",V5S2R8,2024-03-20 19:51
83,John Wilson,john@gmail.com,908-901-2345,2.22,19,"Free-spirited hippie, barefoot and carefree.",V5T2T7,2024-02-14 17:52
84,Eva Wood,eva@gmail.com,909-012-3456,3.69,30,Dapper gentleman,V5N2Z9,2024-05-19 17:40
85,Oliver Wright,oliver@gmail.com,910-123-4567,1.48,24,"Curious scientist, observing pet behavior.",V5S3E8,2024-04-16 19:47
86,Aria Young,aria@gmail.com,911-234-5679,4.35,41,"Night owl, strolling with a nocturnal pet.",V5T1Z9,2024-01-15 01:39
87,Daniel Adams,daniel@gmail.com,912-345-6780,2.81,18,"Nurturing teacher, grading papers at home.",V5N2G2,2024-03-31 17:24
88,Sophia Allen,sophia@gmail.com,913-456-7891,3.98,38,"Adventurous hiker, backpack and dog boots.",V5S2R8,2024-01-23 08:41
89,Ethan Anderson,ethan@gmail.com,914-567-8902,1.22,10,"Romantic poet, penning odes to pets.",V5T2T7,2024-05-13 00:12
90,Isabella Bailey,isabella@gmail.com,915-678-9013,2.79,50,"Busy entrepreneur, multitasking with furballs.",V5N2Z9,2024-04-18 09:24
91,Noah Baker,noah@gmail.com,916-789-0124,3.67,10,"Zen yogi, meditating alongside a pet.",V5S3E8,2024-03-04 10:51
92,Ava Bennett,ava@gmail.com,917-890-1235,4.04,44,"Chatty neighbor, gossiping with parakeets.",V5T1Z9,2024-04-13 07:05
93,Liam Brooks,liam@gmail.com,918-901-2346,3.31,16,"Vintage collector, antique dog figurines.",V5N2G2,2024-01-07 21:47
94,Emma Brown,emma@gmail.com,919-012-3457,1.8,31,"Fitness fanatic, tracking steps with a pet.",V5S2R8,2024-05-23 20:51
95,Olivia Butler,olivia@gmail.com,920-123-4568,4.68,48,"Starstruck actor, posing for selfies with pets.",V5T2T7,2024-03-29 02:23
96,James Campbell,james@gmail.com,921-234-5680,2.5,30,"Dreamy stargazer, naming constellations for hamsters.",V5N2Z9,2024-01-22 22:32
97,Mia Carter,mia@gmail.com,922-345-6790,3.87,10,"Sassy hairstylist, matching hairdos with poodles.",V5S3E8,2024-03-19 11:43
98,William Clark,william@gmail.com,923-456-7801,1.2,3,"Nostalgic grandparent, reminiscing about childhood pets.",V5T1Z9,2024-01-04 08:59
99,Charlotte Collins,charlotte@gmail.com,924-567-8912,4.05,11,"Organized planner, color-coded pet schedules.",V5N2G2,2024-05-17 05:24
100,Benjamin Cook,benjamin@gmail.com,925-678-9023,2.41,6,"Artistic sculptor, creating pet statues.",V5S2R8,2024-04-12 15:20